date,year,value
Jan 1, 1981,22.956
Feb 1, 1981,76.877
Mar 1, 1981,121.327
Apr 1, 1981,231.746
May 1, 1981,308.955
Jun 1, 1981,207.231
Jul 1, 1981,132.018
Aug 1, 1981,184.242
Sep 1, 1981,183.77
Oct 1, 1981,232.917
Nov 1, 1981,142.58
Dec 1, 1981,102.926
Jan 1, 1982,102.471
Feb 1, 1982,108.543
Mar 1, 1982,149.239
Apr 1, 1982,291.221
May 1, 1982,316.864
Jun 1, 1982,116.643
Jul 1, 1982,97.798
Aug 1, 1982,79.408
Sep 1, 1982,152.555
Oct 1, 1982,278.385
Nov 1, 1982,159.092
Dec 1, 1982,109.127
Jan 1, 1983,30.055
Feb 1, 1983,40.704
Mar 1, 1983,121.873
Apr 1, 1983,247.446
May 1, 1983,195.524
Jun 1, 1983,107.617
Jul 1, 1983,125.938
Aug 1, 1983,124.118
Sep 1, 1983,180.996
Oct 1, 1983,217.397
Nov 1, 1983,165.991
Dec 1, 1983,148.179
Jan 1, 1984,90.613
Feb 1, 1984,82.185
Mar 1, 1984,57.64
Apr 1, 1984,147.136
May 1, 1984,262.065
Jun 1, 1984,231.501
Jul 1, 1984,187.896
Aug 1, 1984,218.68
Sep 1, 1984,250.924
Oct 1, 1984,306.575
Nov 1, 1984,196.748
Dec 1, 1984,66.31
Jan 1, 1985,36.543
Feb 1, 1985,36.942
Mar 1, 1985,103.065
Apr 1, 1985,154.783
May 1, 1985,234.945
Jun 1, 1985,104.398
Jul 1, 1985,144.265
Aug 1, 1985,249.149
Sep 1, 1985,237.749
Oct 1, 1985,235.72
Nov 1, 1985,151.532
Dec 1, 1985,51.633
Jan 1, 1986,67.324
Feb 1, 1986,103.075
Mar 1, 1986,89.695
Apr 1, 1986,261.212
May 1, 1986,183.431
Jun 1, 1986,180.27
Jul 1, 1986,65.451
Aug 1, 1986,122.631
Sep 1, 1986,140.845
Oct 1, 1986,321.432
Nov 1, 1986,125.284
Dec 1, 1986,49.657
Jan 1, 1987,40.137
Feb 1, 1987,63.288
Mar 1, 1987,98.53
Apr 1, 1987,189.241
May 1, 1987,214.923
Jun 1, 1987,89.293
Jul 1, 1987,218.611
Aug 1, 1987,97.183
Sep 1, 1987,276.421
Oct 1, 1987,272.004
Nov 1, 1987,146.664
Dec 1, 1987,77.361
Jan 1, 1988,34.63
Feb 1, 1988,85.276
Mar 1, 1988,41.753
Apr 1, 1988,121.992
May 1, 1988,185.46
Jun 1, 1988,162.55
Jul 1, 1988,145.229
Aug 1, 1988,272.86
Sep 1, 1988,228.775
Oct 1, 1988,265.794
Nov 1, 1988,245.252
Dec 1, 1988,161.535
Jan 1, 1989,86.799
Feb 1, 1989,72.13
Mar 1, 1989,162.846
Apr 1, 1989,138.182
May 1, 1989,241.803
Jun 1, 1989,167.403
Jul 1, 1989,94.404
Aug 1, 1989,182.818
Sep 1, 1989,282.628
Oct 1, 1989,226.973
Nov 1, 1989,110.045
Dec 1, 1989,82.211
Jan 1, 1990,59.344
Feb 1, 1990,84.281
Mar 1, 1990,145.056
Apr 1, 1990,218.864
May 1, 1990,166.165
Jun 1, 1990,147.472
Jul 1, 1990,137.149
Aug 1, 1990,133.299
Sep 1, 1990,210.299
Oct 1, 1990,335.968
Nov 1, 1990,164.746
Dec 1, 1990,66.341
Jan 1, 1991,35.872
Feb 1, 1991,30.966
Mar 1, 1991,155.358
Apr 1, 1991,153.343
May 1, 1991,192.207
Jun 1, 1991,154.879
Jul 1, 1991,126.114
Aug 1, 1991,67.561
Sep 1, 1991,147.699
Oct 1, 1991,245.543
Nov 1, 1991,182.084
Dec 1, 1991,73.214
Jan 1, 1992,36.802
Feb 1, 1992,53.332
Mar 1, 1992,46.344
Apr 1, 1992,119.415
May 1, 1992,203.097
Jun 1, 1992,86.988
Jul 1, 1992,87.974
Aug 1, 1992,135.124
Sep 1, 1992,192.987
Oct 1, 1992,163.105
Nov 1, 1992,147.551
Dec 1, 1992,86.505
Jan 1, 1993,120.083
Feb 1, 1993,43.62
Mar 1, 1993,120.936
Apr 1, 1993,235.385
May 1, 1993,262.263
Jun 1, 1993,91.456
Jul 1, 1993,112.792
Aug 1, 1993,150.854
Sep 1, 1993,274.579
Oct 1, 1993,187.319
Nov 1, 1993,241.077
Dec 1, 1993,84.678
Jan 1, 1994,51.358
Feb 1, 1994,80.587
Mar 1, 1994,128.593
Apr 1, 1994,217.169
May 1, 1994,185.636
Jun 1, 1994,122.316
Jul 1, 1994,112.983
Aug 1, 1994,159.522
Sep 1, 1994,163.045
Oct 1, 1994,235.619
Nov 1, 1994,210.007
Dec 1, 1994,78.431
Jan 1, 1995,20.687
Feb 1, 1995,23.537
Mar 1, 1995,120.574
Apr 1, 1995,199.215
May 1, 1995,255.569
Jun 1, 1995,220.221
Jul 1, 1995,213.876
Aug 1, 1995,267.011
Sep 1, 1995,172.647
Oct 1, 1995,244.675
Nov 1, 1995,151.284
Dec 1, 1995,139.208
Jan 1, 1996,89.89
Feb 1, 1996,111.965
Mar 1, 1996,155.218
Apr 1, 1996,193.025
May 1, 1996,334.118
Jun 1, 1996,190.102
Jul 1, 1996,149.881
Aug 1, 1996,199.246
Sep 1, 1996,160.15
Oct 1, 1996,242.791
Nov 1, 1996,111.852
Dec 1, 1996,76.809
Jan 1, 1997,58.568
Feb 1, 1997,122.638
Mar 1, 1997,110.466
Apr 1, 1997,196.96
May 1, 1997,157.328
Jun 1, 1997,223.045
Jul 1, 1997,60.13
Aug 1, 1997,50.028
Sep 1, 1997,174.652
Oct 1, 1997,166.912
Nov 1, 1997,184.242
Dec 1, 1997,37.463
Jan 1, 1998,28.149
Feb 1, 1998,62.203
Mar 1, 1998,113.779
Apr 1, 1998,195.325
May 1, 1998,323.621
Jun 1, 1998,119.185
Jul 1, 1998,168.252
Aug 1, 1998,154.647
Sep 1, 1998,227.868
Oct 1, 1998,228.677
Nov 1, 1998,187.132
Dec 1, 1998,162.974
Jan 1, 1999,82.227
Feb 1, 1999,209.986
Mar 1, 1999,152.62
Apr 1, 1999,229.137
May 1, 1999,252.529
Jun 1, 1999,256.832
Jul 1, 1999,118.346
Aug 1, 1999,123.391
Sep 1, 1999,316.988
Oct 1, 1999,303.69
Nov 1, 1999,196.221
Dec 1, 1999,116.275
Jan 1, 2000,52.245
Feb 1, 2000,108.982
Mar 1, 2000,122.66
Apr 1, 2000,184.237
May 1, 2000,299.864
Jun 1, 2000,238.879
Jul 1, 2000,178.885
Aug 1, 2000,155.83
Sep 1, 2000,274.885
Oct 1, 2000,217.977
Nov 1, 2000,107.874
Dec 1, 2000,112.362
Jan 1, 2001,63.446
Feb 1, 2001,54.005
Mar 1, 2001,144.445
Apr 1, 2001,110.938
May 1, 2001,183.805
Jun 1, 2001,111.589
Jul 1, 2001,146.915
Aug 1, 2001,39.477
Sep 1, 2001,225.602
Oct 1, 2001,242.405
Nov 1, 2001,178.938
Dec 1, 2001,113.629
Jan 1, 2002,37.366
Feb 1, 2002,57.01
Mar 1, 2002,125.821
Apr 1, 2002,270.087
May 1, 2002,235.276
Jun 1, 2002,138
Jul 1, 2002,91.019
Aug 1, 2002,79.988
Sep 1, 2002,156.221
Oct 1, 2002,240.432
Nov 1, 2002,124.805
Dec 1, 2002,115.476
Jan 1, 2003,16.816
Feb 1, 2003,88.366
Mar 1, 2003,105.408
Apr 1, 2003,187.877
May 1, 2003,218.052
Jun 1, 2003,221.141
Jul 1, 2003,110.726
Aug 1, 2003,159.042
Sep 1, 2003,189.211
Oct 1, 2003,274.621
Nov 1, 2003,201.578
Dec 1, 2003,88.977
Jan 1, 2004,91.871
Feb 1, 2004,89.734
Mar 1, 2004,91.233
Apr 1, 2004,222.415
May 1, 2004,287.786
Jun 1, 2004,81.096
Jul 1, 2004,222.368
Aug 1, 2004,117.956
Sep 1, 2004,233.425
Oct 1, 2004,285.066
Nov 1, 2004,215.205
Dec 1, 2004,60.992
Jan 1, 2005,82.655
Feb 1, 2005,33.043
Mar 1, 2005,101.855
Apr 1, 2005,186.084
May 1, 2005,337.562
Jun 1, 2005,157.571
Jul 1, 2005,128.768
Aug 1, 2005,96.116
Sep 1, 2005,176.505
Oct 1, 2005,289.661
Nov 1, 2005,200.571
Dec 1, 2005,101.831
Jan 1, 2006,84.03
Feb 1, 2006,60.245
Mar 1, 2006,187.875
Apr 1, 2006,294.43
May 1, 2006,275.923
Jun 1, 2006,173.456
Jul 1, 2006,97.96
Aug 1, 2006,126.782
Sep 1, 2006,200.179
Oct 1, 2006,225.025
Nov 1, 2006,211.535
Dec 1, 2006,108.827
Jan 1, 2007,37.636
Feb 1, 2007,21.391
Mar 1, 2007,142.546
Apr 1, 2007,250.961
May 1, 2007,350.553
Jun 1, 2007,97.715
Jul 1, 2007,160.702
Aug 1, 2007,214.892
Sep 1, 2007,206.348
Oct 1, 2007,320.185
Nov 1, 2007,144.824
Dec 1, 2007,118.669
Jan 1, 2008,86.221
Feb 1, 2008,141.02
Mar 1, 2008,191.498
Apr 1, 2008,202.169
May 1, 2008,366.847
Jun 1, 2008,236.882
Jul 1, 2008,242.604
Aug 1, 2008,269.527
Sep 1, 2008,252.93
Oct 1, 2008,266.657
Nov 1, 2008,255.799
Dec 1, 2008,59.008
Jan 1, 2009,109.545
Feb 1, 2009,87.814
Mar 1, 2009,193.21
Apr 1, 2009,188.826
May 1, 2009,210.148
Jun 1, 2009,202.568
Jul 1, 2009,98.77
Aug 1, 2009,125.865
Sep 1, 2009,95.583
Oct 1, 2009,237.586
Nov 1, 2009,187.741
Dec 1, 2009,70.38
Jan 1, 2010,32.426
Feb 1, 2010,41.233
Mar 1, 2010,74.448
Apr 1, 2010,236.297
May 1, 2010,269.834
Jun 1, 2010,235.064
Jul 1, 2010,256.582
Aug 1, 2010,204.052
Sep 1, 2010,340.09
Oct 1, 2010,250.134
Nov 1, 2010,301.025
Dec 1, 2010,166.096
Jan 1, 2011,63.457
Feb 1, 2011,132.019
Mar 1, 2011,175.49
Apr 1, 2011,373.326
May 1, 2011,218.43
Jun 1, 2011,216.742
Jul 1, 2011,167.218
Aug 1, 2011,157.097
Sep 1, 2011,206.385
Oct 1, 2011,286.496
Nov 1, 2011,258.719
Dec 1, 2011,172.511
Jan 1, 2012,95.264
Feb 1, 2012,53.29
Mar 1, 2012,148.232
Apr 1, 2012,346.211
May 1, 2012,213.905
Jun 1, 2012,111.634
Jul 1, 2012,103.704
Aug 1, 2012,186.565
Sep 1, 2012,93.213
Oct 1, 2012,240.82
Nov 1, 2012,175.431
Dec 1, 2012,61.719
Jan 1, 2013,29.506
Feb 1, 2013,114.174
Mar 1, 2013,116.177
Apr 1, 2013,162.447
May 1, 2013,281.364
Jun 1, 2013,141.45
Jul 1, 2013,61.222
Aug 1, 2013,199.982
Sep 1, 2013,176.4
Oct 1, 2013,219.097
Nov 1, 2013,202.664
Dec 1, 2013,95.819
Jan 1, 2014,65.99
Feb 1, 2014,88.135
Mar 1, 2014,110.708
Apr 1, 2014,162.3
May 1, 2014,205.917
Jun 1, 2014,99.536
Jul 1, 2014,41.578
Aug 1, 2014,145.78
Sep 1, 2014,141.405
Oct 1, 2014,239.373
Nov 1, 2014,157.445
Dec 1, 2014,98.499
Jan 1, 2015,29.036
Feb 1, 2015,59.382
Mar 1, 2015,91.498
Apr 1, 2015,143.96
May 1, 2015,170.437
Jun 1, 2015,49.008
Jul 1, 2015,90.763
Aug 1, 2015,53.474
Sep 1, 2015,100.91
Oct 1, 2015,166.566
Nov 1, 2015,123.604
Dec 1, 2015,83.174
Jan 1, 2016,46.781
Feb 1, 2016,27.524
Mar 1, 2016,54.301
Apr 1, 2016,179.17
May 1, 2016,183.723
Jun 1, 2016,84.66
Jul 1, 2016,146.231
Aug 1, 2016,203.43
Sep 1, 2016,216.511
Oct 1, 2016,231.865
Nov 1, 2016,182.857
Dec 1, 2016,114.846
