date,year,value
Jan 1, 1981,27.033
Feb 1, 1981,45.79
Mar 1, 1981,117.323
Apr 1, 1981,275.057
May 1, 1981,311.246
Jun 1, 1981,241.052
Jul 1, 1981,153.473
Aug 1, 1981,215.16
Sep 1, 1981,200.915
Oct 1, 1981,314.285
Nov 1, 1981,212.149
Dec 1, 1981,115.337
Jan 1, 1982,107.193
Feb 1, 1982,131.116
Mar 1, 1982,150.628
Apr 1, 1982,297.14
May 1, 1982,316.885
Jun 1, 1982,113.814
Jul 1, 1982,105.842
Aug 1, 1982,88.76
Sep 1, 1982,175.038
Oct 1, 1982,288.079
Nov 1, 1982,162.278
Dec 1, 1982,99.972
Jan 1, 1983,31.822
Feb 1, 1983,47.495
Mar 1, 1983,141.631
Apr 1, 1983,257.976
May 1, 1983,236.662
Jun 1, 1983,131.68
Jul 1, 1983,175.518
Aug 1, 1983,135.098
Sep 1, 1983,213.048
Oct 1, 1983,227.165
Nov 1, 1983,167.155
Dec 1, 1983,159.391
Jan 1, 1984,92.595
Feb 1, 1984,83.095
Mar 1, 1984,72.356
Apr 1, 1984,189.708
May 1, 1984,256.024
Jun 1, 1984,294.212
Jul 1, 1984,190.702
Aug 1, 1984,201.749
Sep 1, 1984,238.763
Oct 1, 1984,307.361
Nov 1, 1984,190.734
Dec 1, 1984,78.12
Jan 1, 1985,28.666
Feb 1, 1985,70.333
Mar 1, 1985,108.446
Apr 1, 1985,163.408
May 1, 1985,259.718
Jun 1, 1985,90.311
Jul 1, 1985,164.058
Aug 1, 1985,269.461
Sep 1, 1985,272.875
Oct 1, 1985,255.351
Nov 1, 1985,183.056
Dec 1, 1985,69.152
Jan 1, 1986,72.27
Feb 1, 1986,95.592
Mar 1, 1986,128.033
Apr 1, 1986,255.051
May 1, 1986,207.388
Jun 1, 1986,243.819
Jul 1, 1986,57.712
Aug 1, 1986,187.905
Sep 1, 1986,167.733
Oct 1, 1986,331.5
Nov 1, 1986,163.621
Dec 1, 1986,67.953
Jan 1, 1987,38.118
Feb 1, 1987,52.027
Mar 1, 1987,115.73
Apr 1, 1987,218.426
May 1, 1987,270.609
Jun 1, 1987,82.069
Jul 1, 1987,237.73
Aug 1, 1987,114.87
Sep 1, 1987,262.319
Oct 1, 1987,313.345
Nov 1, 1987,184.877
Dec 1, 1987,115.183
Jan 1, 1988,35.667
Feb 1, 1988,96.113
Mar 1, 1988,58.083
Apr 1, 1988,165.675
May 1, 1988,199.182
Jun 1, 1988,214.07
Jul 1, 1988,165.027
Aug 1, 1988,303.491
Sep 1, 1988,248.962
Oct 1, 1988,250.353
Nov 1, 1988,283.358
Dec 1, 1988,189.358
Jan 1, 1989,101.769
Feb 1, 1989,65.221
Mar 1, 1989,173.992
Apr 1, 1989,162.734
May 1, 1989,249.936
Jun 1, 1989,215.839
Jul 1, 1989,124.001
Aug 1, 1989,194.721
Sep 1, 1989,287.912
Oct 1, 1989,297.525
Nov 1, 1989,140.085
Dec 1, 1989,106.569

Jan 1, 1990,63.314
Feb 1, 1990,83.284
Mar 1, 1990,124.299
Apr 1, 1990,257.313
May 1, 1990,216.046
Jun 1, 1990,163.203
Jul 1, 1990,198.014
Aug 1, 1990,161.655
Sep 1, 1990,238.509
Oct 1, 1990,384.246
Nov 1, 1990,139.67
Dec 1, 1990,87.778
Jan 1, 1991,53.685
Feb 1, 1991,40.456
Mar 1, 1991,155.145
Apr 1, 1991,203.462
May 1, 1991,209.319
Jun 1, 1991,182.295
Jul 1, 1991,142.574
Aug 1, 1991,89.098
Sep 1, 1991,187.268
Oct 1, 1991,263.164
Nov 1, 1991,245.986
Dec 1, 1991,91.457
Jan 1, 1992,43.098
Feb 1, 1992,60.905
Mar 1, 1992,65.602
Apr 1, 1992,142.947
May 1, 1992,252.135
Jun 1, 1992,99.182
Jul 1, 1992,96.322
Aug 1, 1992,170.026
Sep 1, 1992,219.198
Oct 1, 1992,167.874
Nov 1, 1992,162.144
Dec 1, 1992,112.936
Jan 1, 1993,128.904
Feb 1, 1993,36.147
Mar 1, 1993,130.89
Apr 1, 1993,217.093
May 1, 1993,273.581
Jun 1, 1993,109.023
Jul 1, 1993,158.49
Aug 1, 1993,186.927
Sep 1, 1993,298.637
Oct 1, 1993,222.24
Nov 1, 1993,263.902
Dec 1, 1993,99.181
Jan 1, 1994,73.813
Feb 1, 1994,66.702
Mar 1, 1994,134.099
Apr 1, 1994,245.966
May 1, 1994,217.383
Jun 1, 1994,128.112
Jul 1, 1994,135.862
Aug 1, 1994,181.209
Sep 1, 1994,186.423
Oct 1, 1994,301.444
Nov 1, 1994,187.499
Dec 1, 1994,86.646
Jan 1, 1995,24.772
Feb 1, 1995,31.054
Mar 1, 1995,148.142
Apr 1, 1995,207.547
May 1, 1995,282.847
Jun 1, 1995,232.363
Jul 1, 1995,245.742
Aug 1, 1995,304.531
Sep 1, 1995,181.516
Oct 1, 1995,238.252
Nov 1, 1995,123.398
Dec 1, 1995,187.306
Jan 1, 1996,89.594
Feb 1, 1996,101.405
Mar 1, 1996,179.604
Apr 1, 1996,234.933
May 1, 1996,354.664
Jun 1, 1996,252.232
Jul 1, 1996,197.898
Aug 1, 1996,217.553
Sep 1, 1996,164.231
Oct 1, 1996,285.677
Nov 1, 1996,112.318
Dec 1, 1996,110.556
Jan 1, 1997,84.525
Feb 1, 1997,117.335
Mar 1, 1997,114.411
Apr 1, 1997,209.819
May 1, 1997,179.952
Jun 1, 1997,259.139
Jul 1, 1997,60.944
Aug 1, 1997,55.493
Sep 1, 1997,196.825
Oct 1, 1997,193.755
Nov 1, 1997,182.979
Dec 1, 1997,42.678
Jan 1, 1998,22.731
Feb 1, 1998,71.657
Mar 1, 1998,98.618
Apr 1, 1998,198.316
May 1, 1998,316.617
Jun 1, 1998,170.353
Jul 1, 1998,217.342
Aug 1, 1998,200.517
Sep 1, 1998,256.455
Oct 1, 1998,250.828
Nov 1, 1998,223.375
Dec 1, 1998,199.118
Jan 1, 1999,103.992
Feb 1, 1999,218.146
Mar 1, 1999,170.625
Apr 1, 1999,247.242
May 1, 1999,271.267
Jun 1, 1999,270.073
Jul 1, 1999,137.828
Aug 1, 1999,169.275
Sep 1, 1999,371.32
Oct 1, 1999,301.714
Nov 1, 1999,244.451
Dec 1, 1999,235.332
Jan 1, 2000,59.044
Feb 1, 2000,127.436
Mar 1, 2000,137.461
Apr 1, 2000,217.884
May 1, 2000,327.988
Jun 1, 2000,308.977
Jul 1, 2000,246.63
Aug 1, 2000,171.683
Sep 1, 2000,307.469
Oct 1, 2000,256.655
Nov 1, 2000,136.737
Dec 1, 2000,130.271
Jan 1, 2001,81.148
Feb 1, 2001,65.278
Mar 1, 2001,142.51
Apr 1, 2001,147.512
May 1, 2001,209.855
Jun 1, 2001,136.372
Jul 1, 2001,192.881
Aug 1, 2001,36.685
Sep 1, 2001,222.796
Oct 1, 2001,244.87
Nov 1, 2001,173.676
Dec 1, 2001,124.842
Jan 1, 2002,41.144
Feb 1, 2002,54.017
Mar 1, 2002,120.456
Apr 1, 2002,264.143
May 1, 2002,254.434
Jun 1, 2002,139.528
Jul 1, 2002,128.385
Aug 1, 2002,90.27
Sep 1, 2002,169.455
Oct 1, 2002,248.21
Nov 1, 2002,135.291
Dec 1, 2002,116.741
Jan 1, 2003,23.031
Feb 1, 2003,70.016
Mar 1, 2003,134.118
Apr 1, 2003,223.416
May 1, 2003,220.075
Jun 1, 2003,259.451
Jul 1, 2003,111.911
Aug 1, 2003,167.809
Sep 1, 2003,191.011
Oct 1, 2003,272.148
Nov 1, 2003,198.744
Dec 1, 2003,101.648
Jan 1, 2004,83.889
Feb 1, 2004,89.821
Mar 1, 2004,106.408
Apr 1, 2004,251.306
May 1, 2004,294.954
Jun 1, 2004,95.377
Jul 1, 2004,235.453
Aug 1, 2004,138.08
Sep 1, 2004,254.43
Oct 1, 2004,284.231
Nov 1, 2004,224.761
Dec 1, 2004,81.673
Jan 1, 2005,95.461
Feb 1, 2005,40.932
Mar 1, 2005,129.794
Apr 1, 2005,237.43
May 1, 2005,375.195
Jun 1, 2005,239.969
Jul 1, 2005,152.852
Aug 1, 2005,113.013
Sep 1, 2005,211.538
Oct 1, 2005,277.96
Nov 1, 2005,212.225
Dec 1, 2005,102.846
Jan 1, 2006,94.816
Feb 1, 2006,57.888
Mar 1, 2006,199.297
Apr 1, 2006,310.132
May 1, 2006,281.305
Jun 1, 2006,183.734
Jul 1, 2006,123.947
Aug 1, 2006,156.22
Sep 1, 2006,222.542
Oct 1, 2006,261.751
Nov 1, 2006,247.523
Dec 1, 2006,112.052
Jan 1, 2007,49.681
Feb 1, 2007,19.896
Mar 1, 2007,150.738
Apr 1, 2007,281.336
May 1, 2007,346.987
Jun 1, 2007,92.971
Jul 1, 2007,176.992
Aug 1, 2007,235.225
Sep 1, 2007,232.524
Oct 1, 2007,323.829
Nov 1, 2007,157.692
Dec 1, 2007,154.115
Jan 1, 2008,80.642
Feb 1, 2008,140.704
Mar 1, 2008,217.566
Apr 1, 2008,212.884
May 1, 2008,369.829
Jun 1, 2008,253.8
Jul 1, 2008,272.13
Aug 1, 2008,286.45
Sep 1, 2008,236.124
Oct 1, 2008,269.751
Nov 1, 2008,256.137
Dec 1, 2008,73.266
Jan 1, 2009,109.714
Feb 1, 2009,89.262
Mar 1, 2009,153.635
Apr 1, 2009,212.116
May 1, 2009,226.301
Jun 1, 2009,206.751
Jul 1, 2009,108.561
Aug 1, 2009,137.531
Sep 1, 2009,99.554
Oct 1, 2009,234.803
Nov 1, 2009,190.194
Dec 1, 2009,66.007
Jan 1, 2010,31.401
Feb 1, 2010,44.328
Mar 1, 2010,107.347
Apr 1, 2010,245.782
May 1, 2010,278.836
Jun 1, 2010,263.35
Jul 1, 2010,296.341
Aug 1, 2010,210.972
Sep 1, 2010,382.153
Oct 1, 2010,283.244
Nov 1, 2010,334.851
Dec 1, 2010,194.183
Jan 1, 2011,72.997
Feb 1, 2011,123.966
Mar 1, 2011,193.935
Apr 1, 2011,472.833
May 1, 2011,215.005
Jun 1, 2011,252.912
Jul 1, 2011,219.91
Aug 1, 2011,161.049
Sep 1, 2011,209.131
Oct 1, 2011,309.566
Nov 1, 2011,267.852
Dec 1, 2011,191.34
Jan 1, 2012,113.113
Feb 1, 2012,55.14
Mar 1, 2012,138.044
Apr 1, 2012,383.723
May 1, 2012,246.825
Jun 1, 2012,115.197
Jul 1, 2012,115.808
Aug 1, 2012,188.472
Sep 1, 2012,112.292
Oct 1, 2012,284.215
Nov 1, 2012,180.035
Dec 1, 2012,67.361
Jan 1, 2013,36.744
Feb 1, 2013,100.232
Mar 1, 2013,134.459
Apr 1, 2013,139.562
May 1, 2013,291.551
Jun 1, 2013,150.611
Jul 1, 2013,60.607
Aug 1, 2013,182.85
Sep 1, 2013,195.236
Oct 1, 2013,230.83
Nov 1, 2013,218.404
Dec 1, 2013,127.96
Jan 1, 2014,59.658
Feb 1, 2014,85.132
Mar 1, 2014,97.607
Apr 1, 2014,163.611
May 1, 2014,233.311
Jun 1, 2014,97.888
Jul 1, 2014,53.334
Aug 1, 2014,162.868
Sep 1, 2014,163.954
Oct 1, 2014,255.262
Nov 1, 2014,142.985
Dec 1, 2014,98.078
Jan 1, 2015,41.236
Feb 1, 2015,53.084
Mar 1, 2015,93.269
Apr 1, 2015,164.908
May 1, 2015,164.593
Jun 1, 2015,58.864
Jul 1, 2015,110.307
Aug 1, 2015,85.755
Sep 1, 2015,108.3
Oct 1, 2015,290.095
Nov 1, 2015,142.801
Dec 1, 2015,92.029
Jan 1, 2016,52.511
Feb 1, 2016,23.016
Mar 1, 2016,57.68
Apr 1, 2016,185.789
May 1, 2016,197.316
Jun 1, 2016,82.951
Jul 1, 2016,137.562
Aug 1, 2016,316.535
Sep 1, 2016,278.376
Oct 1, 2016,234.224
Nov 1, 2016,206.672
Dec 1, 2016,117.255
